{
    "accuracy": 0.8837209302325582,
    "precision": 0.8307692307692308,
    "recall": 0.9310344827586207,
    "f1_high": 0.8780487804878049,
    "roc_auc": 0.9514327343370569,
    "best_threshold": 0.3959756594043884
}